,gapfraction
28,0.4132471522841427
31,0.4631090450301289
39,0.5629761118230954
43,0.5371058769213625
47,0.5359675865856862
51,0.563756198906286
55,0.5411495936383103
56,0.36702301256895414
66,0.6984565419854012
76,0.7103966504015856
79,0.7090673183312505
82,0.7093857212223487
85,0.7139468426373311
88,0.7304321523239431
94,0.5943308365239957
105,0.5965596567616834
106,0.5795171420156495
112,0.619930428968295
115,0.6334864320568031
119,0.624220907925844
122,0.5703948991856846
125,0.595174604185406
128,0.5914652105041114
131,0.6487697708295191
134,0.608189322359047
140,0.4812739299672841
141,0.41811871651794597
148,0.5397008604838132
152,0.3191590979646095
156,0.37607361474842194
160,0.5045412212342888
169,0.7103807302570307
172,0.6640451495299577
175,0.642871357271924
179,0.6372993066777046
183,0.5582637490348412
186,0.10895746933382155
189,0.3624380109371393
195,0.3980274940896463
198,0.45856384375970133
200,0.4149108073901311
203,0.5146505130266583
209,0.5787529750770137
210,0.5582398688180089
213,0.33616181234925613
224,0.3438273619524465
227,0.4231176419081885
230,0.40924323592858225
241,0.41335063322374965
244,0.3367906580591752
247,0.3485158445238683
255,0.3049185286602402
258,0.4145685242822005
264,0.6021237472836254
267,0.6139683348324803
273,0.46114290717759715
279,0.37564377084543926
282,0.41503020847429295
286,0.4123874644781775
294,0.7721827314192012
297,0.7616515557961266
301,0.7867496636869463
308,0.7565173091771673
312,0.778598549674831
315,0.7972808393100209
319,0.8179611070868523
323,0.8070796882835696
327,0.8444761078430593
335,0.39413501874597023
358,0.3684080651452315
362,0.24037826263462472
369,0.49861892745986136
372,0.4922508696378963
375,0.47196064540266025
379,0.6063425855906772
385,0.3318554132471523
388,0.50979486893741
391,0.23977329714153806
394,0.45807031927849906
403,0.5834732979375453
406,0.5860125609940539
408,0.6822259546116679
430,0.7123309479650075
433,0.726993401100082
437,0.7423961409569599
443,0.5956124081606661
478,0.5596090012497313
485,0.654540823230675
490,0.692383006837702
510,0.8008787919794311
515,0.8368344384567011
518,0.8199272449393841
521,0.7781766658441258
524,0.8523326991809086
527,0.8281340794574414
533,0.6774101108838069
539,0.6188239789217286
543,0.6662978499844778
547,0.7498547286809364
553,0.6969998487586267
560,0.6610442022813567
563,0.7041081933023952
564,0.7173696737166374
569,0.747124423889769
572,0.804452864432009
588,0.7671678858844039
592,0.8005524290160555
597,0.6999769157903953
601,0.6574860499733337
604,0.6772190691491479
609,0.7666027207527044
617,0.8790626218886067
620,0.8728617255844683
621,0.869733417179428
626,0.8506929242917526
634,0.8947837646365829
637,0.8958981747554268
640,0.9239494694611827
646,0.8940912383484442
652,0.9147715061252756
656,0.8890923129582017
659,0.8750348253162139
662,0.9097805408073105
665,0.8904853256067565
671,0.8180327477373495
674,0.8446751096499956
681,0.9228987399205585
685,0.9355870951308238
688,0.7509134182938381
692,0.6631536214348827
697,0.9635826693306375
700,0.959666313770129
706,0.96266726101873
710,0.9743287669052035
711,0.8914405342800512
727,0.9484266917143608
738,0.9263693314335294
744,0.9388666449091357
749,0.9675547453970882
756,0.9557021977759558
759,0.9497878640738058
761,0.9461023506093436
768,0.9201206746957262
771,0.955216633367031
774,0.920622159249206
779,0.9923822108304743
783,0.9872718444283474
789,0.9941573069483471
793,0.9902329913155612
794,0.9994746352296879
804,0.9050044974408368
808,0.892937027868213
811,0.8821272497154274
816,0.9042562506467559
819,0.9136332157895993
827,0.9154560723411369
831,0.9356348555644886
834,0.9478058060767192
837,0.9449959005627772
840,0.9315672586307083
849,0.9793038120786137
852,0.9744004075557006
855,0.9755307378190994
858,0.9754431770240474
862,0.8823580918114736
867,0.9446854577439563
902,0.952128125323378
908,0.9581937003987996
913,0.9474635229687886
917,0.9535370581164877
920,0.9612901685147301
932,0.9766371878656658
936,0.9789376487538507
942,0.9925812126374107
945,0.9934011000819888
948,0.9866509587907059
951,0.9913872017957923
957,0.983880853638151
960,0.9841912964569718
966,0.9574613737492736
969,0.9734770391715156
972,0.9718531844269146
975,0.9822331186767176
1002,0.9800440988004171
1008,0.9895882254610872
1023,0.9919603269997691
1026,0.998622907496
1036,0.988346454185804
1039,0.9933214993592142
1042,0.9960120037889943
1050,0.9976517786781504
1054,0.9981691833761851
1057,0.9992756334227515
1060,0.9925652924928559
1061,0.9935682615998154
1095,0.19178998145303158
1099,0.5122226909820341
1127,0.6017894242479722
1132,0.6328496262746066
1139,0.7350808345339775
1142,0.7563660678038957
1150,0.4444983960454361
1160,0.11944088452323147
1167,0.29755546180359316
1168,0.09509102342649271
1176,0.7003271589706035
1181,0.34442436737325577
1185,0.6669187356221195
1186,0.5565125331338009
1190,0.34156670142564893
1204,0.6796468911937721
1207,0.13034618354334657
1212,0.7673987279804501
1215,0.6914198380921299
1218,0.8085363815103441
1219,0.7828094279096054
1223,0.04667786383500362
1268,0.8969648244406059
1269,0.8766268397717051
1283,0.9033488024071259
1292,0.8506690440749202
1306,0.8498650767748971
1329,0.8939320369028951
1332,0.8929529480127679
1335,0.9384447610784306
1357,0.9527490109610195
1360,0.9645776783653196
1363,0.9694014821654581
1366,0.9646333988712618
1372,0.9474476028242337
1375,0.9468346772588695
1378,0.9488087751836787
1381,0.9464287135727193
1405,0.6291481926655894
1413,0.9270061372157259
1416,0.9247852770503157
1419,0.9049408168626171
1422,0.9364069825754018
1428,0.8593694030741799
1431,0.8341837343883083
1433,0.8626728330693243
1437,0.8828356961481211
1440,0.9459988696697366
1443,0.9575170942552158
1450,0.9810948283410413
1454,0.9862370350322781
1457,0.9830848464104054
1461,0.9850032238292724
1464,0.9891424614135497
1465,0.9813973110875847
1479,0.9711049376328337
1482,0.9716223423308684
1485,0.9731745564249723
1486,0.9729039139675388
1510,0.9314717377633789
1513,0.8480501802956371
1517,0.9472247208004648
1521,0.926902656276119
1524,0.922628097463125
1528,0.9253982026156797
1537,0.8884236668868953
1540,0.8688896495180176
1543,0.8943300405167679
1550,0.9118421995271717
1553,0.9113805153350792
1556,0.9302458866326506
1559,0.8519983761452554
1560,0.9114999164192411
1586,0.30656626362167366
1589,0.8091174667865985
1593,0.901589626433808
1599,0.5106625168156527
1602,0.6050371337371744
1605,0.49225882971017376
1612,0.007617789169525659
1616,0.8074299314637777
1620,0.6772349892937027
1623,0.7843298017145995
1629,0.9304846888009743
1632,0.9498754248688578
1639,0.8469278101045158
1643,0.8838068249659707
1644,0.8780516927093698
1651,0.915424232052027
1655,0.859074880399914
1658,0.8817610863906644
1661,0.9201206746957262
1666,0.95040078963917
1669,0.8944653617454846
1671,0.8759741138449537
1678,0.960589682154314
1680,0.9790809300548449
1686,0.9878608897768791
1691,0.9592205497225915
1694,0.9836500115421049
1697,0.9774093148765791
1700,0.9709377761150071
1702,1.0
1709,0.44784958647424516
1721,0.580973835242424
1727,0.7892411663097901
1736,0.9249205982790324
1746,0.9808639862449952
1749,0.9879086502105439
1750,0.9786670062964171
1756,0.9673637036624293
1761,0.9507191925302682
1765,0.984716661227284
1768,0.9656124877613889
1771,0.9478058060767192
1773,0.9394795704744999
1782,0.9178759343134836
1788,0.9852818263589833
1791,0.9877414886927174
1794,0.9788819282479085
1797,0.9843664180470759
1820,0.7995972203427607
1824,0.7328440542240123
1828,0.7843775621482643
1832,0.8401378684518456
1852,0.9408805431953322
1857,0.8935499534335771
1861,0.9449401800568349
1864,0.9154799525579692
1887,0.8627285535752665
1891,0.9218798506690441
1906,0.9886648570769022
1909,0.9803306614024055
1915,0.9097725807350331
1922,0.9357701767932053
1958,0.9782451224657119
1961,0.9753396960844405
1964,0.9827346032301973
1967,0.9812221894974806
1971,0.9467311963192626
1975,0.998376145255399
1997,0.9882907336798619
2001,0.9942050673820119
2008,0.9998805989158381
2009,1.0
2016,1.0
2020,1.0
2027,1.0
2031,1.0
2035,1.0
2039,1.0
2042,1.0
2044,1.0
2070,0.511522204621618
2075,0.5261368973230277
2087,0.502869606056023
2104,0.5093331847453175
2109,0.5232871914476983
2118,0.5736505687471642
2125,0.5444450635611772
2129,0.6078788795402262
2133,0.6412156622382131
2137,0.7391961919014225
2141,0.7136762001798976
2142,0.5251100479992359
2148,0.5068735224115835
2151,0.49297523621514483
2156,0.751677585232474
2159,0.5853757552118574
2162,0.5823827680355338
2165,0.3578211690162147
2168,0.6149872240839946
2187,0.583608619166262
2191,0.633136188876595
2196,0.3720537782483065
2199,0.5835290184434875
2202,0.8126915392391763
2205,0.5322104324707269
2209,0.3735821121255781
2214,0.4622095568627763
2219,0.46937362191248694
2225,0.49187674624085587
2228,0.4665239160371576
2235,0.47633868515526123
2238,0.4847524815525325
2241,0.48308086637426667
2245,0.47047211188677596
2248,0.48079632563063673
2251,0.4912558606032143
2255,0.4924339513002778
2258,0.4965254284508903
2261,0.48539724740700646
2264,0.49552245934393085
2267,0.49260907289038186
2268,0.48419527649311056
2284,0.36659316866597147
2294,0.4455013651523956
2297,0.3164685935348293
2300,0.0
2308,0.529177644933016
2314,0.3025225469047259
2318,0.5045093809451789
2322,0.3492402111011168
2326,0.26893900196613785
2338,0.3703980832145956
2341,0.3332404658234297
2344,0.17871954277344837
2349,0.11078032588535904
2353,0.26575497305515533
2360,0.7791239144451432
2367,0.27619858788317797
2370,0.26611317630764086
2377,0.014463451328138059
2379,0.9500346263144069
2385,0.8619325463475208
2391,0.9167296839055299
2394,0.9741377251705445
2397,0.9476306844866151
2400,0.9813575107261974
2403,0.9799804182221975
2406,0.8943300405167679
2412,0.5718436323401817
2419,0.7729787386469469
2422,0.838155810454759
2425,0.8793889848519825
2429,0.946372993066777
2433,0.9580902194591927
2436,0.9657398489178282
2441,0.9994029945791908
2447,0.9989174301702659
2448,0.9948100328750985
2477,0.4332428538451129
2481,0.4616364316587995
2486,0.47539939662652136
2501,0.46197075469445265
2505,0.4302896670301766
2509,0.42464597578546015
2519,0.4937075628646708
2523,0.49053149402596574
2526,0.4930866772270292
2530,0.5065391993759303
2534,0.17015450500290544
2546,0.2750443774029468
2561,0.3428482730623194
2586,0.3434850788445159
2592,0.34373184108511706
2599,0.34539549619110543
2603,0.32384758053603124
2608,0.30669362477811296
2618,0.20166843114935484
2622,0.18275529941811872
2623,0.31256019804659824
2647,0.3044329642513154
2655,0.2473910863110637
2660,0.271104141625606
2667,0.35869677696673485
2668,0.4033687025878195
2671,0.2981922675857897
2693,0.3789233206237513
2698,0.19366855851051126
2706,0.30099421302745427
2717,0.317614843942783
2720,0.22373375150246363
2723,0.33484044035119837
2726,0.14382258590908006
2730,0.29541420236095745
2733,0.3168108766427599
2736,0.2564735287796413
2742,0.20006845662158612
2745,0.11935332372817946
2785,0.15461644391731078
2798,0.3216904009488406
2803,0.27404140829598733
2811,0.2617510566995948
2828,0.2878680538419289
2839,0.22428299648960812
2843,0.09993870744346359
2853,0.3104905792544596
2856,0.5655153748796039
2859,0.5470878075572926
2862,0.6332078295270921
2866,0.2819298399229465
2872,0.1111703694269544
2877,0.3846386525189649
2885,0.7958480263000788
2889,0.8644399691149196
2892,0.8607385355059024
2893,0.16374664681955312
2916,0.3674846967610466
2923,0.3501396992684694
2931,0.2825188852714783
2935,0.3496222945704347
2940,0.871460752863636
2943,0.21335381725266064
2950,0.06034530793539605
2953,0.4267076345053213
2954,0.7940570100376512
2965,0.0
2972,0.656443280504987
2978,0.9123038837192642
2981,0.8564639766929084
2987,0.1720012417712753
3008,0.014081367858820158
3031,0.24002801945441665
3040,0.45834892180821
3053,0.9942846681047864
3059,0.9979224211355839
3062,0.9984398258336186
3063,0.9982328639544047
3069,0.9971582541969481
3072,0.9977313794009249
3075,0.9974448167989365
3079,0.5604209286220319
3083,0.9059199057527443
3090,0.9097964609518654
3096,0.8611365391197752
3099,0.8086080221608413
3112,0.5415077968907958
3115,0.5234145526041376
3118,0.6943252644734014
3121,0.6026093116925502
3124,0.5994730432152324
3127,0.44137008764039576
3134,0.287573531167663
3139,0.3699443590947806
3146,0.3563167153557754
3149,0.27352400359795265
3152,0.4877215885120237
3156,0.40002547223128787
3159,0.28539247136364
3167,0.4089566733265938
3175,0.4909772580735033
3178,0.4739188231829145
3181,0.3736537527760752
3188,0.43343389557977186
3191,0.42223407388539086
3192,0.42480517723100925
3196,0.44943364085745896
3204,0.33671901740867805
3214,0.3629315354183416
3218,0.38477397374768163
3221,0.36466683117482707
3224,0.25803370294602274
3229,0.3488103671981342
3233,0.34873872654763705
3245,0.38380284492983197
3248,0.2348300922572377
3259,0.3040906811433848
3265,0.39404745795091817
3270,0.4501022869287653
3273,0.4509619747347306
3276,0.42940609900737897
3287,0.5397565809897554
3302,0.3693393936016939
3326,0.4044114720561663
3329,0.4105009273484203
3333,0.6802359365423039
3341,0.29172868889649517
3348,0.1914795386342108
3355,0.27721747713469236
3358,0.21118071752091508
3371,0.3530132853606311
3377,0.7701131126270626
3400,0.5535513862465872
3403,0.5658974583489218
3411,0.8047633072508298
3428,0.6975809340348811
3431,0.7218273141920128
3445,0.8212326967928869
3449,0.9374338318991936
3452,0.9426715594577598
3455,0.9188391030590558
3459,0.9577479363512621
3462,0.9649756819791924
3466,0.961409569598892
3473,0.07976788429238937
3478,0.3541754559131397
3498,0.6270785738734508
3499,0.728999339314001
3513,0.9108790307815995
3516,0.4719447252581053
3525,0.9690114386238627
3529,0.9744481679893653
3532,0.9618951340078168
3536,0.9350458102159568
3537,0.7861924586275243
3565,0.7213735900721978
3568,0.2465711988664857
3572,0.3476879970070128
3581,0.5525404570673502
3588,0.3504899424486774
3592,0.45861956426564354
3598,0.6762957007649629
3601,0.7845845240274781
3604,0.6018053443925271
3609,0.869558295589324
3612,0.9388268445477485
3615,0.940737261894338
3618,0.9013349041209294
3624,0.5186703495267737
3647,0.7793467964689119
3654,0.6583934982129638
3658,0.9605100814315394
3661,0.9656363679782213
3662,0.9442794940578061
3678,0.9252947216760729
3683,0.9728004330279318
3687,0.9717019430536429
3691,0.9835465306024979
3693,0.9705954930070765
3703,0.5805280711948865
3718,0.556759295374402
3722,0.6459917056046869
3726,0.7946380953139055
3746,0.285480032158692
3772,0.3690130306383182
3788,0.07926639973890963
3792,0.41476752608913686
3797,0.4501978077960948
3805,0.11014352010316254
3809,0.23165402341853264
3817,0.6161653147810582
3818,0.24842589570713303
3829,0.05053053881729246
3832,0.22181537408359667
3843,0.5748366195165052
3846,0.21115683730408272
3852,0.6608213202575879
3860,0.04701218687065679
3863,0.6709465321945123
3871,0.7996211005595931
3880,0.7638246555278722
3888,0.9937911436235841
3889,0.8688816894457402
3905,0.9278897052385235
3910,0.8111552452896272
3914,0.9636383898365797
3920,0.9754670572408798
3923,0.848989468824377
3935,0.907695001870617
3947,0.5787848153661235
3951,0.7350649143894227
3954,0.8886385888383866
3961,0.8708319071537169
3968,0.9843106975411337
3974,0.8689214898071275
3977,0.9562832830522101
3978,0.9764222659141745
3988,0.9908140765918154
3992,0.9953751980067979
3996,0.9868499605976422
3999,0.9999363194217803
4002,0.9992358330613642
4006,1.0
4011,1.0
4019,0.9658512899297126
4029,1.0
4030,1.0
4039,0.9978985409187515
4046,0.9941652670206246
4049,1.0
4052,1.0
4055,0.9933294594314916
4057,1.0
4076,0.831493229958528
4082,0.7645808623942305
4090,0.31654819425760383
4094,0.23749671647018555
4098,0.5887110254961115
4101,0.396260358044051
4109,0.23236246985122624
4121,0.8398751860666895
4124,0.8550868841889084
4129,0.9170878871580154
4133,0.8183193103393379
4153,0.9475829240529504
4156,0.9531390545026149
4159,0.9651746837861288
4162,0.9152172701728132
4165,0.9397104125705461
4168,0.9287653131890438
4174,0.9476386445588926
4178,0.9545241070788922
4195,0.9373303509595867
4198,0.9345045253010897
4201,0.9500425863866844
4209,0.9093029364706632
4217,0.973779521918059
4221,0.9680801101674004
4227,0.9965771689206938
4228,0.9947941127305436
4249,0.9214102064046742
4252,0.9344328846505926
4257,0.8903340842334848
4262,0.7173059931384177
4272,0.9528922922620138
4282,0.9830370859767407
4285,0.9687089558773193
4292,0.3082537989444944
4296,0.9164908817372062
4299,0.9550733520660367
4310,0.9813495506539199
4314,0.9686213950822673
4318,0.9992039927722544
4321,0.9969194520286244
4324,0.9986706679296647
4334,0.802287724772541
4337,0.946285432271725
4338,0.9477660057153319
4347,0.9368368264783844
4351,0.9995860762415723
4354,1.0
4357,1.0
4361,0.9821614780262204
4379,0.9630095441266606
4383,0.9896837463284167
4397,0.4207694205863389
4404,0.33060568189959166
4427,0.445978969489043
4430,0.4394119098601415
4438,0.4017448478432184
4441,0.4143138019693219
4444,0.3839461262308262
4452,0.43597315863628044
4471,0.45350123779123913
4474,0.4083994682671719
4477,0.405645283259172
4489,0.2987335525006567
4495,0.3164526733902744
4503,0.2945624746272696
4515,0.3822665509802829
4525,0.30205290264035595
4543,0.3594450237608158
4552,0.34196470503952175
4554,0.3448542112762384
4558,0.39292508775979684
4577,0.43061602999355236
4592,0.09493978205322104
4598,0.3072030694038702
4602,0.29585200633621755
4603,0.29715745818972034
4616,0.010881418803282734
4619,0.5629761118230954
4641,0.43087075230643096
4645,0.4684661736728569
4654,0.4807246849801396
4665,0.49040413286952644
4668,0.489751406942775
4671,0.48812755219817394
4677,0.4762272441433768
4689,0.4824440605920702
4690,0.4903484123635843
4713,0.5010467495044855
4717,0.508155094048254
4724,0.5071998853749592
4732,0.5001472613371329
4739,0.49362796214189625
4745,0.49710651372714465
4752,0.4800958392702206
4775,0.4535251180080715
4778,0.45720267140025633
4785,0.48281022391683315
4786,0.5060615950392829
4790,0.4279971662142692
4794,0.40736465887110257
4798,0.4468943778009504
4802,0.41948784894966845
4810,0.49894529042323704
4813,0.49693139213704063
4816,0.49994825953019656
4826,0.5016039545639075
4828,0.525826454504207
4836,0.46899949851544653
4839,0.44823963001584055
4840,0.47864710611572353
4866,0.43820993894624566
4870,0.44485659929792165
4877,0.4414815286522802
4897,0.4210957835497146
4922,0.5471753683523446
4925,0.5137669450038607
4928,0.5194106362485771
4949,0.34145526041376456
4952,0.36015347019350935
4959,0.45295199280409465
4962,0.42906381589944836
4966,0.45239478774467273
4970,0.32660176554403114
4983,0.4240171300755411
4986,0.37808751303461835
4996,0.2767796731594323
4997,0.28962722981524675
5012,0.3576062470647233
5015,0.36274049368368266
5018,0.3116447897346908
5026,0.29944199893335033
5029,0.33960056357311724
5035,0.3518829550972323
5044,0.38752815875568153
5049,0.43829749974129767
5059,0.5770097192482507
5068,0.5990193190954174
5076,0.5970213409537759
5099,0.6054590175678796
5100,0.6378565117371265
5116,0.36852746622939336
5119,0.33807222969584566
5122,0.2990758356085873
5130,0.3267370867727479
5133,0.3532600476012322
5144,0.282479084910091
5161,0.2948251570124257
5175,0.19723467089081168
5185,0.4756302387225676
5189,0.46757464557778183
5193,0.6624212947853566
5196,0.6726181473727781
5214,0.8018658409418358
5217,0.7643659404427392
5230,0.7699777913983459
5233,0.776799573340126
5239,0.8418174437023889
5243,0.8720895985735551
5249,0.8885191877542248
5255,0.7662445175002189
5258,0.7581889243554332
5264,0.726452116185215
5267,0.7819497401036402
5270,0.7895516091286109
5273,0.7899814530315935
5277,0.7621689604941613
5278,0.7073240625024875
5299,0.4499032851218289
5302,0.12387464478177462
5306,0.17790761540114786
5310,0.4471889004752163
5329,0.2699499311453748
5333,0.294586354844102
5335,0.6318466571676471
5339,0.07269138003773075
5342,0.3883321260557046
5367,0.16915153589594595
5390,0.8533913887938103
5394,0.25297905704983803
5399,0.30090665223240226
5403,0.38074617717528875
5415,0.6480215240354382
5416,0.6820587930938413
5427,0.6194209843425378
5434,0.735805201111226
5439,0.7732573411766579
5446,0.7983395289229226
5462,0.78332683260764
5465,0.6532831318108369
5479,0.7929107596296975
5513,0.9939901454305206
5514,1.0
5517,0.71370008039673
5553,0.700040596368615
5560,0.7382250630835728
5564,0.5879946189911405
5572,0.7582605650059303
5575,0.7968430353347609
5582,0.8170377387026674
5583,0.7431921481847055
5589,0.8050419097805408
5592,0.7993186178130497
5595,0.7866143424582295
5598,0.8092925883767025
5601,0.7839477182452816
5610,0.8089662254133267
5616,0.9595230324691348
5619,0.94811624889554
5625,0.8578808695582956
5628,0.9254061626879572
5631,0.8883599863086756
5635,0.9665119759287414
5638,0.9232967435344313
5643,0.7722304918528661
5655,0.6582263366951372
5662,0.5957397693171054
5672,0.564679567290471
5685,0.7368400105072954
5688,0.5334124033846227
5696,0.6979072969982567
5699,0.6809205027581651
5703,0.6195881458603644
5707,0.7668415229210281
5708,0.7343644280290065
5716,0.7784950687352241
5719,0.8188685553264824
5720,0.8605952542049082
5735,0.2571740151400575
5741,0.7707499184092591
5764,0.22160841220438282
5767,0.040405326880368075
5773,0.25285965596567617
5776,0.250431833921052
5780,0.2019470336790658
5785,0.5317726284954667
5789,0.7230213250336313
5792,0.8256186966177653
5795,0.6967212462289157
5799,0.8985249986069873
5829,0.8401299083795681
5839,0.06041694858589316
5842,0.543187372141339
5846,0.6167464000573125
5853,0.43223988473815345
5856,0.20431117514547031
5862,0.36395838474213343
5865,0.4172431085674258
5868,0.3768377816870577
5872,0.5696625725361586
5881,0.46167623202018676
5883,0.5367795139579867
5890,0.4899265285328791
5898,0.4998606987351445
5904,0.5250463674210162
5918,0.6246985122624913
5924,0.627396976764549
5927,0.5283736776329929
5932,0.5445963049344488
5945,0.6051724549658911
5949,0.6048858923639027
5956,0.6502423842008486
5960,0.6549706671336576
5961,0.6548751462663281
5964,0.6045436092559721
5976,0.6370207041479936
5979,0.6374425879786988
5982,0.6518980792345594
5983,0.6566502423842009
5990,0.605013253520342
5995,0.6326267442508378
6009,0.6543418214237385
6013,0.6288695901358784
6016,0.6398226495896583
6019,0.6387639599767566
6023,0.5218702985823112
6026,0.5432192124304489
6035,0.5750913418293838
6045,0.5469604464008533
6074,0.4376288536699913
6083,0.579055457823557
6091,0.5963208545933597
6095,0.586434444824759
6099,0.599799406178608
6113,0.34604822211785685
6117,0.38549834032493013
6121,0.46870497584118065
6132,0.380244692621809
6136,0.40992780214444346
6145,0.5199996815971089
6148,0.4665637163985449
6151,0.5183758268525078
6154,0.4812500497504517
6158,0.3853789392407683
6163,0.6627715379655648
6171,0.6166588392622605
6177,0.6028321937163189
6180,0.597650186663695
6184,0.33217381613825053
6191,0.6151782658186536
6192,0.6588870226941661
6195,0.5974113844953712
6197,0.5581363878784019
6214,0.2297276859273882
6218,0.1309033886027685
6222,0.26125753221839254
6223,0.16492473751661665
6233,0.6193732239088731
6236,0.597459144929036
6240,0.2902481154528883
6246,0.7443941190986014
6249,0.7452378867600118
6252,0.7670962452339067
6257,0.5299736521607616
6265,0.6960526001576094
6266,0.7218511944088453
6275,0.6455300214125944
6282,0.7669290837160802
6285,0.7664992398130975
6290,0.735176355401307
6293,0.7375882573013763
6296,0.7840193588957788
6297,0.7763856495816982
6309,0.7595341765703233
6336,0.13848933748318434
6339,0.3690687511442604
6350,0.3305340412490945
6351,0.2503601932705549
6354,0.2592754742213059
6358,0.3336941899432447
6361,0.32188144268349955
6365,0.3069483470909916
6369,0.3128467606485867
6372,0.28082338987638006
6373,0.13237600197409793
6380,0.651699077427623
6383,0.5823907281078112
6386,0.5405207479283912
6392,0.6578522132980967
6394,0.7775398600619293
6400,0.3737811139325145
6408,0.5199280409466118
6412,0.49689159177565334
6418,0.35143719104969473
6421,0.5601582462368758
6424,0.5294323672458946
6427,0.4921871890596767
6428,0.41066012879396946
6471,0.4676144459391691
6476,0.48548480820205847
6480,0.44154520923049984
6485,0.3341081137016724
6489,0.3929171276875194
6493,0.2111249970149729
6496,0.32158692000923367
6499,0.4074522196661546
6503,0.4130879508385936
6506,0.471188518391747
6536,0.42464597578546015
6542,0.4381064580066387
6545,0.4063935300532529
6547,0.3016628590987606
6551,0.5181529448287391
6558,0.4695407834303135
6568,0.3582032524855326
6582,0.6401092121916467
6586,0.6435081630541205
6589,0.5517842502009919
6593,0.5212892133060568
6602,0.4880797917645092
6606,0.7508736179324508
6612,0.47737349455133055
6615,0.4386557029937832
6619,0.4736163404363712
6622,0.4996616969282081
6625,0.4719924856917701
6626,0.4945513305260812
6638,0.6184498555246881
6642,0.5643054438934305
6647,0.5307059788102876
6659,0.3994364268827561
6686,0.34240250901478186
6689,0.469636304297643
6693,0.46275084177764336
6696,0.4275832424558415
6699,0.4216291083923042
6708,0.1007904351771514
6722,0.8160904901016501
6725,0.6937043788357599
6729,0.41373271669306755
6732,0.4391094271135982
6736,0.8419209246419957
6739,0.48761810757241675
6756,0.0072436657724852145
6759,0.857904749775128
6763,0.8405438321379958
6767,0.8852475980481903
6770,0.9274917016246508
6780,0.7271685226901861
6786,0.9179634951085356
6792,1.0
6799,0.6540234185326402
6807,0.7943037722782523
6808,0.6929163316802917
6811,0.353116766300238
6817,0.6807613013126159
6825,0.07915495872702524
6831,0.9108949509261544
6832,0.8612240999148272
6840,0.9538156606461987
6847,0.9602155587572735
6849,0.9964338876196995
6852,0.7412180502598964
6865,0.9999283593495029
6868,1.0
6871,1.0
6878,1.0
6886,1.0
6889,0.9806092639321164
6906,0.8836396634481442
6919,0.7393155929855844
6922,0.6883472501930318
6925,0.5524130959109109
6928,0.6535537742682703
6931,0.6974694930229967
6942,0.4444983960454361
6943,0.3845590517961903
6953,0.6963391627595978
6957,0.5837359803227014
6970,0.7943913330733043
6973,0.7591759733178377
6976,0.7085419535609383
6979,0.7831755912343684
6988,0.5843170655989557
6995,0.23988473815342243
7002,0.46333988712617513
7006,0.10609184331393728
7010,0.49127178074776917
7022,0.5827489313602967
7025,0.5774077228621236
7036,0.5076138091333869
7055,0.49140710197648596
7059,0.4214460267299227
7065,0.32750921378366116
7068,0.1332197696355083
7069,0.14839166739633997
7077,0.6024182699578913
7080,0.5764286339719965
7086,0.7291505806872727
7092,0.5948641613665852
7099,0.2887516218647265
7108,0.5357128642728076
7112,0.5560190086525986
7136,0.32698384901334904
7146,0.4222101936685585
7149,0.4250837797607202
7150,0.3495665740644925
7162,0.28923718627365136
7165,0.33762646564830806
7170,0.3082697190890493
7175,0.4680044894807645
7183,0.21103743621992088
7187,0.21477071011804788
7200,0.48825491335461324
7230,0.39582255406879097
7233,0.017384797853964514
7236,0.34114481759494375
7240,0.26777683141362923
7252,0.43746169215216474
7255,0.4363632021778758
7261,0.3576858477874979
7264,0.34420148534948697
7298,0.40843926862855917
7301,0.2455363894704164
7304,0.4398417537631242
7308,0.21669704760919228
7312,0.5509564026841364
7335,0.5231677903635366
7338,0.5421366426007148
7344,0.30382799875822875
7347,0.3742109578354971
7351,0.42811656729843106
7359,0.029062223884992876
7362,0.6115723530769659
7365,0.23849968557714504
7372,0.5899766769882271
7377,0.6741464812500497
7381,0.6541428196168021
7387,0.8095154704004712
7397,0.7815676566343223
7413,0.3720537782483065
7416,0.28572679439929316
7422,0.3443447666504812
7426,0.3498451765942035
7431,0.3616420037093937
7439,0.6508155094048254
7454,0.19745755291458048
7464,0.5001552214094104
7467,0.2666863015116177
7472,0.25130744187157217
7478,0.5271239462854322
7481,0.6017735041034172
7484,0.6822100344671129
7485,0.719439292508776
7494,0.2769388746049814
7509,0.503952175885757
7513,0.2565292492855835
7525,0.6555517524099119
7528,0.6863333519068353
7539,0.9911961600611333
7541,0.9970468131850637
7545,0.8206118111552453
7565,0.9901295103759542
7568,0.996823931161295
7572,0.9990447913267052
7578,0.9500425863866844
7582,0.9252708414592404
7590,0.7714185644805654
7591,0.7326689326339083
7594,0.9653896057376201
7606,1.0
7609,1.0
7610,1.0
7626,0.7463682170234106
7653,0.356308755283498
7668,1.0
7671,0.9985592269177804
7676,1.0
7677,1.0
7714,0.38387448558032905
7727,0.7736473847182532
7731,0.9668860993257818
7735,0.09447013778885112
7738,0.0014566932267744991
7741,0.31773424502694486
7744,0.001655695033710906
7748,1.0
7753,1.0
7758,1.0
7762,1.0
7765,1.0
7770,1.0
7779,1.0
7787,0.7176005158126836
7790,0.8118079712163786
7794,0.8280783589514993
7797,0.4151098091970675
7804,1.0
7805,1.0
7826,0.499223892952948
7840,0.5386182906540792
7841,0.5633343150755808
7850,0.5499136332157896
7888,0.5326084360845996
7900,0.5593622390091302
7903,0.5135361029078144
7907,0.3920972402429414
7914,0.5748843799501699
7918,0.5928184227912789
7933,0.5357367444896399
7936,0.5733480860006209
7947,0.5204613657892013
7954,0.5779410477047131
7959,0.5341924904678135
7962,0.5619492624993035
7966,0.5900244374218918
7973,0.6296576372913466
7979,0.6060719431332436
7983,0.6450524170759471
7986,0.601455101212319
7991,0.7058514491311582
7996,0.6500911428275769
8007,0.7008843640300254
8010,0.7248680618020011
8018,0.7194313324364985
8021,0.7202432598087991
8027,0.5891886298327589
8038,0.6363042976430227
8039,0.6194926249930349
8090,0.4526176697684415
8093,0.46629307394111136
8106,0.44176013118199114
8109,0.44672721628312384
8115,0.4540106824169963
8118,0.4711646381749146
8121,0.6191901422464916
8125,0.8775422480836126
8128,0.518535028298057
8140,0.5423436044799287
8148,0.5045412212342888
8157,0.523175750435814
8161,0.5119042880909359
8164,0.531549746471698
8176,0.4848559624921394
8177,0.5302044942568078
8187,0.3387647559839843
8208,0.5186146290208316
8218,0.49127974082004666
8221,0.4832559879643707
8242,0.4837017520119083
8257,0.6148757830721103
8274,0.9224131755116336
8282,0.5263916196359063
8283,0.302681748350275
8288,0.7659659149705079
8291,0.596623337339903
8303,0.3850525762773926
8306,0.4042920709720044
8309,0.39541659038264065
8326,0.3978444124272648
8341,0.41392375842772655
8344,0.4179754352169518
8348,0.4168530650258304
8359,0.26899472247208006
8362,0.253257659579549
8367,0.2530745779171675
8370,0.3076727136682401
8387,0.360129589976677
8394,0.2879158142755936
8397,0.2870800066864607
8403,0.2680952343047275
8406,0.310793062001003
8412,0.4307513512222691
8419,0.26331123086597624
8421,0.49460705103202335
8427,0.4031617407086056
8430,0.36821702341057255
8434,0.4097765607711718
8441,0.3282495005054646
8444,0.2814044751526344
8447,0.3062160204414656
8455,0.3394413621275681
8461,0.39739068830744984
8468,0.5908522849387472
8471,0.5254602911794439
8477,0.5898731960486201
8478,0.631130250662676
8483,0.8549117625988044
8487,0.847699937115429
8490,0.9051557388141084
8493,0.887770940960144
8494,0.8869908538769532
8498,0.42556934416964504
8502,0.5313905450261488
8508,0.3935937338311032
8511,0.4216848288982464
8518,0.5881219801475798
8523,0.7504437740294682
8526,0.5937179109586315
8530,0.7904510972959634
8535,0.7954898230475933
8536,0.798188287549651
8545,0.24232848034260152
8548,0.3564918369458795
8562,0.07893207670325647
8566,0.5155977616276756
8569,0.35629283513894305
8579,0.25162584476267047
8586,0.6343620400073232
8589,0.2578506212836413
8596,0.7702325137112245
8599,0.8856217214452308
8602,0.8145780763689334
8606,0.8591704012672435
8607,0.836953839540863
8628,0.8643285281030352
8635,0.8568142198731165
8641,0.9485062924371354
8644,0.9594513918186377
8647,0.9470495992103608
8650,0.9485301726539677
8654,0.8850406361689764
8669,0.9128690488509635
8672,0.9137764970905936
8696,0.4048970364650911
8699,0.3928295668924674
8711,0.37659101944645657
8720,0.22147309097566606
8723,0.22447403822426706
8726,0.167686882596894
8732,0.34234678850883965
8735,0.2925087759796859
8741,0.37513432621968207
8744,0.30486280815429806
8747,0.39675388252525334
8751,0.30420212215526915
8782,0.2658664140670397
8795,0.23159830291259045
8798,0.25861478822227707
8801,0.2052982241078749
8808,0.41733862943475525
8812,0.5870553304624005
8817,0.0
8823,0.6692749170162465
8826,0.672108702747021
8830,0.2869844858191312
8877,0.26397191686500515
8881,0.1433609017169876
8887,0.5067063608937569
8888,0.5333885231677904
8891,0.09278260246603039
8913,0.6047107707737986
8916,0.6184339353801332
8924,0.5551274805575235
8925,0.15836563795999267
8935,0.5005054645896184
8938,0.3504421820150127
8947,0.7366728489894688
8950,0.6015824623687583
8954,0.7096245233906724
8956,0.25551036003406913
8963,0.6428474770550917
8966,0.49671647018554926
8970,0.5981914715785619
8977,0.5478280942790961
8980,0.5267737031052242
8986,0.4375253727303844
8990,0.4708303151392615
8991,0.4830410660128794
8999,0.6899631448653554
9003,0.8546411201413708
9004,0.8745413008350116
9008,0.34839644343970644
9014,0.32227148622509494
9015,0.5767470368630947
9022,0.07055012059509501
9026,0.9940140256473529
9029,0.8448263510232673
9034,0.7979892857427145
9038,1.0
9041,1.0
9044,1.0
9047,1.0
9048,1.0
9051,0.6411679018045484
9099,0.7473154656244279
9102,0.7787577511203801
9109,0.5144435511474444
9114,0.554227992390171
9120,0.5446838657295008
9123,0.5570856583377777
9131,0.6113096706918099
9143,0.5076456494224968
9149,0.4887961982694803
9155,0.4839485142525094
9163,0.48028688100487954
9170,0.49529957732016205
9176,0.5011820707332023
9179,0.47041639138083374
9187,0.47405414441163124
9190,0.48105900801579277
9196,0.5209071298367389
9201,0.49572146115086724
9204,0.502957166851075
9208,0.5224195435694556
9220,0.5190205927069818
9223,0.5229130680506578
9226,0.5217588575704267
9242,0.49053945409824323
9247,0.07016007705349965
9264,0.5071680450858493
9267,0.5310403018459408
9270,0.5522857347544716
9272,0.3606071943133244
9299,0.49757615799151456
9307,0.5057193119313523
9310,0.5220533802446926
9323,0.491303621036879
9327,0.4409084034483033
9331,0.42387384877454687
9337,0.30316731275919984
9349,0.45055601104858034
9353,0.47032883058578173
9363,0.3820675491733465
9369,0.5257786940705421
9376,0.3515963924952439
9378,0.1624969154719925
9381,0.5009114282757687
9392,0.664920757480478
9393,0.6595715889100273
9394,0.5079162918799303
9429,0.4819823763999777
9439,0.35140535076058493
9443,0.4444904359731586
9450,0.33741950376909424
9466,0.6228915758555088
9469,0.6736768369856798
9483,0.612845964641359
9499,0.5432590127918362
9514,0.5187260700327159
9521,0.523701115206126
9522,0.32711121016978834
9537,0.5871190110406203
9555,0.4801834000652726
9559,0.5527712991633964
9574,0.5767231566462624
9577,0.5767947972967594
9578,0.5136953043533635
9586,0.4664363552421056
9589,0.45017392757926245
9595,0.2617988171332596
9604,0.4406536811354247
9608,0.45655790554578235
9641,0.5687392041519737
9644,0.472828293280903
9648,0.4913354613259888
9652,0.5439833793690847
9655,0.5847628296464932
9658,0.5535752664634195
9662,0.567959117068783
9670,0.6115007124264689
9671,0.648873251769126
9683,0.5607154512962977
9690,0.46981938596002454
9694,0.5819847644216609
9696,0.5823588878187014
9700,0.6631377012903277
9704,0.43711144897195664
9709,0.4667945584945911
9712,0.6028958742945386
9715,0.4787187467662206
9718,0.2457353912773528
9721,0.37140105232155507
9738,0.5129152172701729
9744,0.5332611620113511
9752,0.502487522586705
9755,0.45467932848830267
9761,0.3278674170361467
9766,0.4851027247327406
9770,0.45334999641796747
9783,0.5374242798124607
9786,0.6406664172510687
9790,0.5762853526710022
9796,0.10906095027342848
9800,0.23323807780174644
9803,0.2710961815533285
9809,0.5914652105041114
9815,0.49486973341717944
9820,0.48122616953361935
9824,0.544023179730472
9831,0.5625223877032803
9863,0.45017392757926245
9867,0.4985791270984741
9870,0.47176164359572387
9873,0.47130791947590883
9876,0.4778272186711455
9879,0.475463077204741
9884,0.45375596010411773
9887,0.43351349630254643
9903,0.4641040540648109
9906,0.5872145319079497
9912,0.34347711877223847
9916,0.39302060862712634
9923,0.5114028035374562
9927,0.5083063354215256
9930,0.382059589101069
9936,0.38070637681390146
9939,0.6012162990439953
9943,0.51433211013556
9946,0.5098267092265197
9961,0.49432048843003495
9989,0.4675666855055044
9997,0.5411734738551426
10003,0.568396921044043
10007,0.5375675611134549
10010,0.550478798347489
10021,0.30128873570172016
10024,0.32350529742810064
10029,0.4734969393522093
10043,0.5822633669513719
10049,0.3970722854163516
10052,0.4268429557340381
10056,0.23587286172558447
10062,0.431045873896535
10068,0.4796182349335732
10070,0.2960828484322638
10073,0.48709274280210463
10081,0.7464955781798499
10087,0.687129359134581
10088,0.6850756604869972
10094,0.39820261567975035
10097,0.4650513026658282
10098,0.47770781758698366
10100,0.39911802399165786
10143,0.24883981946556075
10155,0.44214221465130904
10160,0.29210281229353563
10166,0.22403623424900698
10169,0.44819982965445326
10175,0.6301750419893812
10183,0.40245329427591203
10187,0.27547422130592947
10190,0.08572201835592667
10193,0.12494129446695376
10194,0.7736871850796405
10203,0.3726746638859481
10206,0.32390330104197346
10209,0.6607815198962007
10210,0.6918974424287773
10227,0.4922349494933414
10242,0.526073216744808
10245,0.9113566351182468
10248,0.5380849658114896
10252,0.5608507725250145
10256,0.6864607130632746
10260,0.6250009950090347
10264,0.477381454623608
10272,0.4267155945775988
10276,0.5720824345085054
10279,0.3728020250423874
10282,0.38402572695360077
10301,0.7509054582215606
10305,0.9122163229242122
10308,0.6399022503124329
10315,0.6471299959403631
10341,0.4816798936534344
10345,0.4773416542622207
10348,0.48088388642568874
10366,0.42218631345172614
10369,0.4524743884674473
10372,0.389804739427034
10387,0.30781599496923434
10390,0.3098537734722631
10393,0.31014033607425157
10396,0.3840814474595429
10402,0.37814323354056056
10407,0.8968852237178313
10413,0.3347369594115915
10420,0.3171770399675229
10424,0.4218121900546857
10427,0.4102143647464319
10437,0.271454384805814
10456,0.23196446623735342
10461,0.4175853916753564
10465,0.29957732016206706
10484,0.12734523629474556
10488,0.36629068591942815
10496,0.4405263199789854
10506,0.5265667412260103
10519,0.39325941079545
10522,0.470090028417458
10528,0.4524505082506149
10532,0.5135838633414791
10539,0.4344050243976215
10544,0.1971391500234822
10547,0.5438878585017553
10563,0.45974193445676487
10570,0.4267235546498762
10577,0.3756198906286069
10583,0.4485182325455515
10590,0.44385363019096213
10619,0.5035780524887166
10622,0.4864479769476307
10625,0.48570769022582727
10632,0.4961831453429597
10635,0.5496509508306335
10638,0.5463634409800441
10641,0.4752083548918624
10672,0.5017074355035144
10681,0.4706631536214349
10687,0.46222547700733124
10691,0.4164391412674027
10695,0.4668184387114235
10698,0.49269663368543387
10725,0.7085101132718286
10729,0.7485572368997111
10733,0.8407428339449322
10736,0.8294315712386668
10739,0.7978300842971654
10746,0.4503570092416439
10749,0.5198245600070048
10755,0.5630079521122052
10759,0.7221775573722209
10762,0.6266805702595779
10773,0.8349956617606088
10776,0.8535824305284692
10779,0.40941835751868627
10782,0.8089741854856042
10786,0.9528524919006265
10792,0.9346716868189163
10796,0.9466277153796556
10799,0.9525977695877479
10800,0.952040564528326
10809,0.27087329952955974
10813,0.31420793300803174
10817,0.6546681843871143
10824,0.02039370517484299
10828,0.678373279629379
10832,0.012401792608276884
10836,0.20283060170186346
10846,0.48376543259012794
10856,0.5114664841156757
10862,0.5519912120802057
10866,0.5926592213457298
10870,0.6612352440160156
10873,0.4780182604058045
10876,0.36343301997182137
10879,0.5051302665828206
10882,0.3859122640833579
10886,0.6856169454018642
10889,0.0525444371034889
10892,0.7923137542088882
10895,0.6692351166548592
10898,0.34203634569001884
10901,0.7612853924713636
10904,0.5476768529058244
10908,0.5064993990145431
10911,0.3471626322367007
10919,0.9094302976271025
10925,0.9496047824114243
10928,0.9129964100074028
10929,0.9425043979399333
10942,0.9582494209047419
10946,0.9727447125219897
10950,0.9810470679073766
10953,0.9831724072054574
10956,0.9867623998025902
10965,0.882103369498595
10968,0.8689772103130696
10974,0.9064373104507789
10978,0.9269981771434485
10981,0.8322494368248864
10984,0.9671408216386604
10987,0.938906445270523
10990,0.9413422273874247
10991,0.9814848718826367
10995,0.8346533786526782
10998,0.9788660081033536
11001,0.9200171937561193
11004,0.957206651436395
11007,0.9368686667674943
11010,0.9705954930070765
11013,0.9111815135281428
11017,0.9659308906524872
11020,0.9694651627436777
11023,0.9687885566000939
11031,0.1913521774777715
11036,0.501962157816393
11042,0.2949684383134199
11045,0.39622055768266373
11048,0.3206953919141586
11049,0.4682114513599783
11086,5.572050594219396e-05
11089,0.000939288528739841
11094,0.6153135870473704
11106,0.5082506149155834
11113,0.44167257038693913
11118,0.4315155181609049
11134,0.44742770264354
11147,0.5706575815708407
11151,0.5707610625104476
11159,0.5650218503984016
11165,0.5557085658337778
11168,0.5589085148893151
11171,0.564592006495419
11190,0.5050347457154911
11195,0.4689119377203945
11201,0.43747761229671966
11205,0.5383476481966456
11216,0.4627030813439786
11220,0.47313077602744635
11224,0.49768759900339893
11227,0.3498451765942035
11236,0.5016596750698497
11240,0.516338048349479
11243,0.6452275386660511
11255,0.5344312926361371
11256,0.495403058259769
11300,0.5084496167225199
11317,0.5001711415539654
11324,0.5339218480103799
11341,0.4526335899129964
11355,0.5091023426492712
11366,0.5681581188757194
11369,0.54575051541468
11387,0.5540210305109571
11390,0.5649502097479046
11407,0.5031243283689016
11412,0.495403058259769
11421,0.5076854497838841
11432,0.4743407070136197
11435,0.45157490030009473
11439,0.5227777468219411
11446,0.5114346438265659
11453,0.5848583505138226
11456,0.5962094135814753
11459,0.6021476275004577
11462,0.6147086215542837
11465,0.5813559187117419
11472,0.5200394819584961
11488,0.49856320695391915
11494,0.4922349494933414
11502,0.5566796946516275
11507,0.5543314733297778
11531,0.4526733902743837
11534,0.21399062303485716
11537,0.18336026491120538
11544,0.5168474929752362
11551,0.5059979144610633
11554,0.503498451765942
11559,0.5000039800361388
11592,0.3927499661696928
11597,0.3824416725703869
11601,0.16420037093936812
11611,0.4329881315322343
11615,0.46501150230444094
11627,0.3639185843807462
11641,0.36152260262523184
11645,0.39890310204016655
11655,0.597268103194377
11658,0.4780660208394692
11680,0.5050745460768784
11686,0.4844977592396539
11692,0.49118421995271716
11695,0.4900936900507057
11698,0.4977512795816186
11710,0.4154759725218305
11719,0.4044194321284437
11728,0.47118055831946953
11736,0.5487275824464486
11744,0.6003088508043654
11748,0.5622278650290145
11756,0.3113661872049798
11766,0.4043318713333917
11770,0.3794486853940634
11784,0.3059772182731419
11790,0.3479427193198914
11798,0.5427018077324142
11801,0.5156853224227276
11805,0.5124137327166931
11812,0.6391062430846872
11815,0.6567776035406402
11816,0.6689803943419806
11823,0.657804452864432
11826,0.6328098259132193
11840,0.592905983586331
11847,0.6629068591942815
11850,0.6582342967674146
11853,0.6334705119122481
11862,0.6986555437923376
11896,0.5474698910266105
11899,0.6415340651293113
11902,0.5741042928669793
11906,0.6709385721222348
11919,0.6251522363823063
11925,0.7025082187746264
11928,0.6226288934703527
11929,0.7162393434532386
11941,0.3709473282017401
11945,0.557754304409084
11951,0.6540234185326402
11955,0.21135583911101913
12004,0.5214404546793285
12012,0.41428196168021203
12016,0.5324014742053857
12019,0.4972099946667516
12022,0.2756971033296982
12025,0.5269329045507734
12035,0.48539724740700646
12042,0.28585415555573246
12048,0.32521671296775373
12067,0.5730376431818001
12071,0.5862354430178226
12078,0.7163826247542328
12082,0.7428259848599426
12085,0.7855397327007729
12088,0.7721110907687042
12091,0.8386015745022964
12095,0.5218702985823112
12101,0.8028210496151305
12104,0.839867225994412
12107,0.7010992859815167
12110,0.7523860316651675
12114,0.4106362485771371
12123,0.7041639138083374
12126,0.7367842900013533
12129,0.581690241747395
12132,0.7806761285392472
12135,0.7736712649350856
12144,0.41425012139110223
12148,0.17892650465266224
12151,0.3687583083254396
12154,0.2904709974766571
12158,0.4328130099421303
12162,0.7847596456175822
12169,0.06536015347019351
12172,0.41185413963558787
12175,0.5893557913505855
12181,0.8473178536461111
12185,0.8915280950751033
12188,0.956943969051239
12192,0.7628694468545775
12201,0.47999235833061366
12204,0.4904280130863588
12207,0.5630477524735925
12213,0.814832798681812
12216,0.9394079298240028
12219,0.4391651476195404
12258,0.8863620081670341
12261,0.8367150373725394
12264,0.741194170043064
12270,0.9259713278196566
12273,0.9073049583290216
12276,0.8833690209907106
12282,0.024071258567027787
12285,0.15430600109848996
12291,0.07667937624873634
12294,0.9975721779553758
12298,0.6650242384200848
12301,0.1374624881593925
12308,0.8652200561981103
12311,0.6281372634863525
12314,0.9891981819194918
12317,0.4101268039513799
12324,0.9959244429939423
12328,0.9377283545734595
12331,0.999649756819792
12334,0.9949692343206477
12337,0.9990049909653179
12340,0.9997691579039538
12344,0.2431165274980697
12359,0.40964123954245507
12360,0.7553710587692136
12379,0.21371202050514618
12382,0.30558717473154656
12401,0.33252405931845863
12407,0.29305006089455293
12411,0.40605124694532224
12415,0.5072237655917916
12419,0.3236406186568174
12425,0.3956076321172996
12434,0.1592730861996227
12437,0.2086653346812389
12440,0.2014375890533086
12451,0.4810192076544055
12461,0.5880980999307474
12465,0.5856543577415683
12469,0.6119623966185613
12482,0.47749289563549235
12485,0.5238921569407851
12494,0.5846275084177764
12497,0.5921816170090825
12500,0.5711988664857077
12503,0.380977019271335
12532,0.2649430456828548
12533,0.12045181370246842
12543,0.18012847556655814
12566,0.34449600802375285
12569,0.4024055338422473
12575,0.43221600452132103
12580,0.446329212669251
12585,0.47955455435535355
12589,0.37277018475327756
12593,0.5142047489791207
12610,0.37572337156821384
12615,0.16871373192068584
12618,0.10631472533770607
12625,0.5488867838919977
12626,0.299768361896726
12648,0.2951833602649112
12649,0.18016827592794543
12671,0.24664283951698282
12683,0.10207996688609933
12686,0.0583712100105869
12687,0.116431977202353
12695,0.2103369498595047
12706,0.1774061308476681
12710,0.3298892753946206
12717,0.25672029102024246
12719,0.41957540974472046
12725,0.3123771163842168
12751,0.3641573865490699
12754,0.17190572090394582
12764,0.5727670007243666
12770,0.5288592420419177
12774,0.5690655671153494
12786,0.6002212900093132
12789,0.6007307346350705
12801,0.3583783740756366
12806,0.518519108153502
12819,0.5164972497950281
12826,0.5519673318633733
12833,0.5219498993050857
12844,0.5477803338454313
12847,0.5524051358386334
12862,0.628861630063601
12865,0.6111345491017058
12873,0.6431021993679703
12894,0.5685322422727599
12899,0.5878990981238109
12907,0.6118907559680642
12911,0.6041456056420992
12915,0.6433330414640165
12931,0.6419957493214038
12934,0.6365351397390688
12943,0.6611317630764088
12948,0.6590303039951603
12965,0.39516982814203955
12968,0.32848830267378826
12973,0.42232959475272036
12976,0.3989429024015538
12982,0.4014184848798427
12985,0.40098864097686004
12999,0.2714066243721493
13006,0.32816989978269
13007,0.18492839914986428
13014,0.34806212040405327
13036,0.35787688952215685
13042,0.207829527092106
13050,0.29917931654819424
13060,0.2248322414767526
13061,0.1749862688753214
13076,0.3581952924132551
13080,0.3034857156502981
13088,0.40053491685704506
13092,0.48921012202790803
13095,0.5086645386740112
13103,0.08148725990431993
13107,0.2533850207359883
13133,0.23713851321770002
13138,0.2806801085753859
13146,0.5544269941971073
13152,0.255438719383572
13160,0.3433019971821344
13169,0.31085674257922263
13173,0.277472199447571
13179,0.3200347059151297
13199,0.28447706305173254
13226,0.6973739721556672
13232,0.3115333487228064
13242,0.3439626831811633
13246,0.18246077674385283
13253,0.04292866979232171
13260,0.37951236597228305
13268,0.7429374258718269
13269,0.5651651316993959
13284,0.046932586147882226
13300,0.4293662986459917
13324,0.3194934210002627
13333,0.4369442874541301
13346,0.5111242010077451
13349,0.393171850000398
13360,0.7137558009026722
13363,0.4625438798984295
13366,0.05320512310251777
13373,0.3902982639082363
13383,0.4175296711694142
13386,0.4117028982623162
13408,0.3793054040930692
13414,0.4098561614939464
13423,0.41958336981699795
13426,0.33145740963327947
13429,0.38279987582287245
13432,0.30497424916618243
13435,0.42051469827346033
13443,0.4713317996927412
13446,0.6233691801921561
13449,0.4670413207351923
13453,0.42502805925477805
13456,0.5156296019167854
13462,0.4203714169724661
13481,0.27991594163675004
13489,0.3752776075206763
13492,0.3689652702046535
13523,0.3357638087353833
13528,0.2674186281611437
13531,0.29199137128165126
13537,0.07698185899527968
13538,0.29588384662532735
13550,0.234957453413677
13554,0.3132049639010722
13559,0.17493054836937919
13563,0.4423412164582454
13566,0.28820237687758204
13588,0.31312536317829764
13594,0.008302355385386899
13598,0.9041925700685363
13601,0.49659706910138746
13605,0.8455347974559609
13614,0.3139532106951531
13617,0.28006718301002176
13620,0.4201564950209748
13626,0.4113208147929983
13630,0.18528660240234981
13646,0.3148845391516155
13649,0.41490284731785365
13655,0.7902043350553623
13658,0.7533332802661848
13661,0.8647424518614629
13664,0.7004067596933781
13670,0.6038112826064461
13673,0.7212780692048684
13676,0.6727773488183273
13679,0.0991904606493827
13685,0.8198476442166095
13689,0.9646970794494814
13692,0.9781814418874923
13695,0.9592921903730885
13698,0.8990583234495769
13702,0.96448215749799
13705,0.9565220852205338
13708,0.9550176315600946
13714,0.9229305802096683
13717,0.9614254897434469
13720,0.932538387448558
13723,0.967323903301042
13726,0.5747888590828405
13738,0.4368010061531359
13742,0.4169008254594952
13756,0.4151336894138999
13760,0.36243005086486185
13787,0.41374067676534504
13791,0.3358593296027128
13797,0.44497600038208346
13803,0.26061276636391856
13806,0.22549292747578148
13810,0.5197847596456175
13814,0.7556178210098148
13817,0.29215057272720035
13862,0.2539501858676877
13869,0.331903173680817
13874,0.39915782435304514
13885,0.35742316540234187
13890,0.4244469739785237
13908,0.09927006137215726
13913,0.5596328814665638
13926,0.09903125920383357
13937,0.2201915193389956
13940,0.46405629363114614
13943,0.5177390210703113
13949,0.33914683945330226
13962,0.416112778304027
13984,0.19274519012632635
13987,0.2619022980728665
13994,0.5304910568587963
13998,0.7492179228987399
14014,0.04070780962691141
14017,0.7697389892300223
14023,0.9853853072985903
14026,0.885940124336329
14031,0.2050992223009385
14036,1.0
14039,0.9999601996386127
14043,1.0
14049,0.7743319509341144
14052,0.7275108057981167
14057,0.9897155866175265
14063,0.7517890262443583
14064,0.9078462432438886
14082,0.972696952088325
14088,0.8950146067326291
14091,0.8708000668646071
14094,0.9472724812341297
14098,0.7382648634449601
14101,0.8427248919420188
14104,0.49599210360830076
14114,0.5150723968573635
14118,0.4247892570864543
14125,0.4855405287080007
14129,0.3881888447547104
14132,0.4809953274375731
14152,0.6164996378167114
14155,0.433680657820373
14172,0.3911579517142016
14177,0.11454544007259586
14182,0.19196510304313563
14193,0.40056675714615486
14196,0.3583624539310817
14220,0.06215224434237863
14221,0.20995486639018682
14229,0.03533476083962842
14236,0.7779139834589698
14240,0.9783247231884865
14243,0.9889434596066132
14246,0.9835465306024979
14251,0.4694134222738742
14258,0.9101307839875186
14262,0.48566788986444
14272,0.46815573085403617
14275,0.017034554673756436
14278,0.058785133769014626
14279,0.06498603007315307
14284,0.023975737699698314
14288,0.9979861017138035
14294,0.615759351094908
14297,0.5355377426827036
14298,0.8747880630756127
14301,0.012640594776600572
14326,0.026116997142334054
14357,0.4912399404586594
14366,0.4464565738256903
14370,0.49427272799637023
14390,0.6289571509309304
14393,0.649430456828548
14397,0.7086533945728227
14401,0.7492816034769596
14404,0.6194448645593702
14409,0.5467216442325297
14424,0.33433099572544117
14430,0.45175002189019875
14438,0.4622493572241636
14447,0.32861566383022756
14452,0.1493309559250798
14462,0.7087329952955973
14472,0.89942448677434
14478,0.7486845980561504
14484,0.8183352304838928
14492,0.8182237894720084
14495,0.8158357677887715
14499,0.7786542701807733
14509,0.699865474778511
14515,0.9527490109610195
14518,0.9490157370628926
14521,0.9320846633287431
14522,0.967045300771331
14526,0.9268230555533444
14529,0.9564106442086494
14533,0.8961210567791955
14536,0.7489074800799191
14537,0.9708661354645101
14556,0.5908522849387472
14557,0.6151464255295438
14589,0.6215542837128961
14593,0.645331019605658
14602,0.6472414369522476
14618,0.6193573037643182
14633,0.6560611970356691
14638,0.7051748429875744
14642,0.696044640085332
14647,0.5880503394970826
14651,0.5504708382752116
14674,0.6886178926504652
14682,0.7440916363520581
14685,0.6831891233572401
14692,0.6700470440271598
14693,0.6561487578307211
14715,0.535442221815374
14718,0.5265985815151202
14725,0.42416837144881275
14732,0.497775159798451
14739,0.559306518503188
14763,0.6297611182309535
14766,0.6306367261814737
14769,0.6466046311700511
14778,0.6688450731132639
14781,0.6735813161183504
14784,0.6731833125044775
14798,0.6049654930866772
14806,0.6471538761571956
14810,0.6583218575624666
14815,0.6902497074673438
14823,0.6242766284317861
14844,0.5388570928224028
14848,0.5789042164502853
14852,0.5190205927069818
14857,0.15347815358163452
14871,0.734006224776521
14877,0.6653983618171253
14888,0.6045117689668622
14891,0.6907989524544883
14898,0.619198102318769
14906,0.7220024357821169
14914,0.6920009233683841
14921,0.7255765082346948
14925,0.7363862863874804
14929,0.7666106808249818
14949,0.8154298041026212
14954,0.752760155062208
14958,0.8269321085435456
14964,0.8294315712386668
14971,0.8732119687646764
14974,0.902966718937808
14977,0.8213918982384361
14999,0.7502288520779768
15008,0.8075811728370493
15024,0.8250535314860659
15037,0.8343429358338573
15045,0.8468163690926314
15050,0.8593932832910123
15059,0.8752019868340405
15062,0.8768497217954739
15065,0.8966225413326753
15069,0.9180430958313102
15075,0.921059963224466
15078,0.9316946197871476
15085,0.9433879659627309
15092,0.9053627006933223
15096,0.9106402286132758
15099,0.9359373383110319
15102,0.9224211355839111
15105,0.9267514149028473
15108,0.905601502861646
15115,0.7393474332746941
15119,0.7572735160435257
15127,0.7418389358975379
15136,0.7846800448948077
15142,0.7659579548982305
15146,0.7531581586760808
15154,0.7866461827473393
15158,0.8018021603636161
15161,0.7979335652367724
15165,0.821200856503777
15168,0.8164168530650259
15176,0.8469914906827354
15183,0.8280226384455571
15196,0.8287310848782506
15232,0.6866995152315983
15250,0.7256561089574693
15253,0.720537782483065
15259,0.7356141593765672
15262,0.7184761237632038
15267,0.7458269321085436
15273,0.7440995964243355
15276,0.7775318999896519
15289,0.8014280369665756
15296,0.8134955065391993
15299,0.8173561415937657
15302,0.8224267076345053
15306,0.8327190810892563
15316,0.8128189003956156
15323,0.8412920789320767
15326,0.840145828524123
15329,0.8104388387846562
15342,0.7855795330621602
15350,0.7865506618800099
15358,0.7867178233978365
15363,0.789607329634553
15370,0.7923535545702755
15383,0.8266455459415571
15388,0.8462193636718222
15394,0.735017153955758
15398,0.7169477898859322
15409,0.7727319764063457
15416,0.7500457704155954
15419,0.7739419073925191
15422,0.8015315179061826
15427,0.7484776361769365
15432,0.7812651738877789
15442,0.8001066649685179
15451,0.8254992955336035
15453,0.8316285511872448
15458,0.8088945847628296
15464,0.8348364603150596
15468,0.8198476442166095
15481,0.8193063593017424
15489,0.8807023967777627
15493,0.8681493627962142
15511,0.9011199821694381
15516,0.9065885518240505
15522,0.9155834334975762
15528,0.9275792624197028
15531,0.9292588376702461
15535,0.9383492402111011
15542,0.9428148407587541
15545,0.9417243108567426
15548,0.9503450691332277
15554,0.9437780095043263
15557,0.9400765758953091
15558,0.9524704084313086
15568,0.5015004736243005
15572,0.37938500481584375
15578,0.4862410150684168
15581,0.3467964689119377
15585,0.4322637649549858
15586,0.5285249190062645
15604,0.3257261575935109
15608,0.5199121208020568
15611,0.5045651014511212
15616,0.4274479212271247
15619,0.5840384630692447
15627,0.3545177390210703
15630,0.5158763641573866
15632,0.40907607441075566
15637,0.6873283609415174
15643,0.4714432407046256
15647,0.49290359556464775
15654,0.5021054391173871
15658,0.6503140248513456
15662,0.6051963351827234
15666,0.7415762535123819
15667,0.534550693720299
15672,0.5205807668733632
15691,0.652797567401912
15694,0.648976732708733
15699,0.8702826621665725
15703,0.6784926807135409
15708,0.7440757162075031
15711,0.4202281356714719
15723,0.8123492561312456
15734,0.35432669728641136
15740,0.8241460832464359
15743,0.3216426405151759
15747,0.2637410747689589
15750,0.36285989476784447
15760,0.4298518630549165
15767,0.05927069817793946
15779,0.4276548831063386
15783,0.49655726874000017
15790,0.7833984732581372
15794,0.9342100026268239
15797,0.8123810964203555
15803,0.9242678723522809
15806,0.8761731156518902
15815,0.9210997635858533
15819,0.9486018133044648
15822,0.9090322940132296
15833,0.9112372340340851
15839,0.8758467526885144
15843,0.9103616260835649
15849,0.9224052154393562
15852,0.9016135066506404
15854,0.9525738893709155
15860,0.9103536660112874
15862,0.9413740676765345
15868,0.8294952518168865
15894,0.9015657462169756
15900,0.9568484481839095
15908,0.954953950981875
15911,0.9578752975077014
15916,0.9113645951905244
15920,0.9270698177939456
15928,0.9815644726054112
15931,0.9885374959204629
15936,0.9976676988227053
15943,0.9979781416415261
15950,0.9811505488469835
15956,0.9924697716255264
15960,0.9901693107373415
15966,0.9930269766849483
15969,0.9929553360344512
15973,0.9992199129168093
15980,0.9998487586267283
15983,0.9998407985544508
15986,0.9994029945791908
15992,0.9996577168920694
15996,1.0
15999,1.0
16002,1.0
16005,0.9911006391938039
16056,0.998901510025711
16059,0.9986308675682776
16060,0.9987502686524393
16064,0.9983363448940117
16073,0.9890230603293878
16074,0.9921036083007634
16080,0.9991880726276995
16081,0.9999840798554451
16088,0.9983204247494567
16092,0.9994905553742428
16095,0.9999840798554451
16098,0.9986149474237226
16101,1.0
16104,1.0
16108,0.9999442794940578
16115,1.0
16116,1.0
16141,0.3807541372475662
16157,0.22600237210153867
16162,0.4798809173187292
16167,0.5493564281563676
16174,0.39886330167877926
16177,0.4080890254483511
16185,0.532178592181617
16208,0.5107421175384272
16214,0.5359994268747961
16218,0.5144117108583346
16222,0.5430281706957899
16225,0.5780843290057074
16231,0.7028982623162219
16235,0.6554403113980275
16238,0.6024103098856137
16246,0.5607632117299625
16250,0.5090307019987742
16262,0.4997014972895954
16273,0.45990909597459145
16279,0.25042387384877457
16282,0.15867608077881348
16286,0.5688506451638581
16301,0.5061332356897801
16311,0.5382202870402063
16314,0.5381008859560444
16317,0.5003621832886243
16326,0.5679272767796731
16329,0.5999188072627699
16334,0.4955861399221505
16353,0.8728935658735781
16357,0.8993130457624555
16362,0.39676980266980827
16367,0.929187197019749
16370,0.886377928311589
16379,0.9437780095043263
16383,0.920988322573969
16386,0.9404268190755172
16406,0.43446074490356373
16410,0.2623082617590168
16445,0.6734539549619111
16448,0.13188247749289564
16453,0.33257181975212335
16458,0.6938317399921992
16462,0.07557292620216992
16477,0.657454209684224
16484,0.8169262976907831
16487,0.738280783589515
16494,0.8547684812978101
16501,0.8924275832424559
16507,0.9269185764206739
16510,0.9055298622111488
16516,0.897768791740629
16519,0.9048452959952876
16525,0.8005842693051652
16532,0.9122242829964896
16535,0.9316627794980379
16536,0.944749138322176
16548,0.8678866804110581
16551,0.9203674369363274
16554,0.9373462711041416
16557,0.9315194981970436
16558,0.9701895293209263
16566,0.644877295485843
16589,0.7204104213266257
16625,0.8098895937975117
16635,0.6098848177541452
16646,0.6837224481998296
16651,0.38708239470814393
16656,0.5315656666162529
16659,0.6037078016668391
16681,0.983689811903492
16691,0.9181386166986396
16697,0.9789456088261281
16703,0.9909493978205323
16707,0.9483948514252509
16714,0.9751008939161168
16717,0.9762153040349606
16721,0.9804580225588448
16724,0.988155412451145
16727,0.9887524178719542
16730,0.9599528763721175
16734,0.995988123572162
16738,0.9958926027048326
16741,0.9966726897880233
